0,0,0,0,0,0,0,0,0,0,0,0,0,0,0,0,0,0,0,0,0.3269308774
0.000009952752652,0.0003924771944,-0.0008175621118,0.0008142394245,-0.0009381705874,-0.0006959270311,0.0009630406183,0.0002408234346,-0.0004024669594,-0.0002773506658,-0.0000380623916,-0.0004043063155,-0.00042962535,0.000848387262,0.0002578049867,0.0005100628466,0.0004277847419,0.0004455155423,-0.0008603259419,-0.00002633098248,0.3397020175
-0.0008222782766,0.0005192440921,-0.0001523654761,0.0001939652759,-0.0008271675386,-0.0004540779299,0.0002476153354,-0.0005557297891,-0.0005491046246,-0.0001317192101,0.0009746140486,-0.0005780208196,0.0007064294088,-0.0004317713197,0.0006727309781,-0.0002665612454,0.000870294927,0.0007198097678,-0.00001817820124,-0.0009558428025,0.3535351055
-0.000275765605,0.0004728898414,0.00003874127126,-0.0001540953127,-0.0009419341641,0.0008184834159,-0.0007756408313,0.0009603327793,0.0003756574005,-0.00002533852979,0.0004718166929,0.0001773387673,0.00005690370876,-0.0000887109367,0.0006566069949,0.0007407841108,-0.00001702014571,0.0009390609964,0.0007775919414,-0.000723470692,0.3398628263
-0.0001268986812,-0.0003121783144,-0.0007621450432,0.00009648974975,0.0005180514723,-0.0009351969227,-0.0007967853225,0.0001738563217,0.0003900757222,0.0005836471374,0.0006999734327,0.0007505621808,0.0002109812609,0.0009071280739,0.0009817296376,0.0007341416238,0.0002882226179,0.0002093089912,0.0008253785067,-0.00006600342202,0.3504740146
-0.0008417164805,0.0008086665751,0.0006546929586,-0.0007053774168,0.000614340771,0.0003377407334,-0.0007227047515,0.0003446658697,0.0006648516661,0.0009137288965,0.0002594969785,-0.0002885488697,-0.0003535513525,-0.0008733638526,-0.0004389195951,-0.0004860311757,-0.0008249689759,-0.0008527623424,-0.0007986644829,-0.0007386190573,0.2576389029
0.0002557724667,-0.0003760480578,0.0009025816482,0.0009456704092,-0.0005965505858,0.0004522401828,0.0003525708657,0.0001343580902,0.0004367159275,-0.0005797265028,0.0004931417499,0.0004978864985,0.0007884034909,-0.0007662360509,0.0003085322947,-0.0009468951727,-0.0004284971761,0.000223674064,-0.0002685971516,-0.0004376649744,0.3087528904
0.0004224605694,0.0007374524558,-0.0007550427796,0.0007740087939,0.0001907682016,0.0005901872671,0.0001343447698,0.0009771678082,0.000925499645,0.00001259199077,0.0005867795981,0.0004390823995,-0.0001956245954,-0.0007679936668,0.0006627612536,-0.000317825175,0.000623845272,-0.000526770876,0.0008683233742,-0.00008378954141,0.3092184825
0.0007057192286,0.0004995801076,-0.0002606691335,0.0002887851375,0.0001795999493,0.000686523485,-0.0009885877473,-0.0006268274088,-0.0004057544412,-0.0003226219349,0.0004519212949,0.0009891273998,0.0008037131197,0.0005340571373,-0.0007423749211,-0.0004413678241,-0.0007432558226,0.0007776755978,0.0006115893397,-0.0001984061438,0.3447758186
0.00005472747957,-0.0004056497132,0.0008353336119,0.0006255699894,0.00003566275256,0.0002003277431,0.0006676462662,-0.00004414880201,-0.0003416734034,0.0001844993965,0.0006522839037,-0.00006594170551,-0.0004668728233,0.0006149996071,-0.0007441549852,-0.0002645508127,-0.0009608922354,-0.0007519635303,-0.000676457478,-0.0001303167195,0.2866609642
0.0003833615879,-0.0008280928096,0.0009742784128,0.0002378073414,-0.0002576479024,-0.000526652227,-0.0006821252802,-0.0009262535008,-0.0008011191038,0.0003678878512,0.0009042508234,0.0005742090101,-0.0005284233205,-0.000271980469,-0.0002740028754,0.0008682835718,0.0009977306163,-0.0005980272343,0.0001055909595,0.0003947647747,0.3602055027
0.0003842280719,-0.0008277691501,-0.0002833103334,-0.0004273357134,-0.0008113599164,0.0008872131729,-0.00005561886713,0.0000395250638,-0.0006958487943,-0.0002251314126,-0.0008021263356,-0.0006694210248,0.0001678745826,-0.00005309655661,0.000298821666,0.00008889087973,-0.0003678797785,0.000863755794,0.000979815596,0.000554274154,0.3625581411
-0.0005496422735,0.0005819052612,-0.0009120721208,-0.0002313238922,0.0003398394333,-0.0003978209476,-0.0003569569047,-0.0007725522544,0.0003818827168,-0.000339620635,0.0005975326351,0.0005655502387,-0.0009856445834,0.0005037824832,-0.000200622746,-0.0001590453754,-0.0005885905198,0.0004005310832,0.0005525866266,-0.0007173889613,0.3372123307
-0.0006598248741,0.0004971533606,0.0005430304633,0.0008271605277,0.0001192949228,-0.0007491877156,0.0005130618836,-0.0003768924134,0.0004503518987,-0.000259464882,-0.0009911251223,-0.0008097523464,0.0004908299978,0.000205645841,0.0006313239152,-0.0005991727061,0.0006645645786,-0.0008888932423,-0.0007410135866,-0.0002549516922,0.3024873601
0.0009213818043,0.0001476499942,0.0001815905458,0.00004771119955,-0.0008116629782,-0.0004451891033,0.0008306068354,0.0001382117145,-0.000791723911,-0.0001712917961,0.0002271465369,-0.0008514541216,-0.0002652863558,-0.0006258968673,0.00001926003941,-0.0001438575922,0.0005507824985,-0.0009695081074,0.00004390936385,-0.00088771483,0.3131347821
-0.00089807269,0.0003941732657,-0.000771987295,-0.0008731122844,-0.0002877681063,0.00006201564969,-0.000602826725,0.0002735387073,-0.000413624218,0.0000555416624,-0.0005311697699,-0.00002019167086,0.0001617584417,-0.0006233109024,-0.0003718127417,0.0004415098102,-0.0002092968045,0.0001802655886,0.0001588873578,0.0008753456194,0.354643055
0.0004808184137,-0.0005155470021,0.00003904697784,-0.0007722288265,-0.0005841642871,0.0002672124684,-0.0007198133395,-0.0007631700374,0.0009257980962,0.0001819011923,0.0009442635926,0.0006046771135,0.0007600764498,-0.0008152422574,-0.0006865311461,0.0009599757681,-0.0007437978821,-0.0003598482738,0.000817748741,-0.00005047886019,0.3366216608
-0.0005980988734,0.0006218479935,0.00004345076209,0.0001165124281,-0.0003855378687,-0.0002596306938,0.0001365472341,0.0004572647278,0.0003095274565,-0.0003775853839,0.0005085995607,0.000822431136,0.0009972576295,0.0007866540083,0.0005592524269,0.0003869626782,-0.0002822123339,0.000303785633,-0.0009993444552,0.0008181042488,0.3424569131
0.00011805133,-0.0009219343756,-0.0003016376841,0.00007054185571,0.0007242251477,-0.0001805850808,0.0009110803521,-0.00001417792968,0.0006825550472,-0.000967387386,0.0004920834596,-0.0006620428984,-0.0004901377697,0.0005621443407,0.0009432372736,-0.0001900425875,-0.0006026894385,0.0009110365394,0.000664862866,-0.0004850873308,0.3349235295
0.0002165679727,-0.0004860742964,0.0008015871895,0.00006558634257,-0.00002576173128,0.0005806438638,0.0001936029708,0.0007560563414,0.0001628342573,-0.0005011573688,-0.0008436646945,-0.0007943826728,-0.0002805780682,-0.000197574068,0.0007428815873,0.0001936567178,0.0004817748861,-0.0008991643299,-0.0001435567383,-0.0001510261129,0.3068214413
-0.0004052369672,0.0008487304398,-0.0002106765423,0.0001537598714,0.0003703292561,0.0003358800395,0.00009593578878,0.0007611749932,-0.0000736509327,0.0002223970029,0.0001757107211,0.0006018250887,-0.0009392588967,-0.0003663386148,0.0003303399971,-0.00007192115227,0.0003225551225,0.00009871306351,0.000007863700442,0.0001762988926,0.3192534171
0.0009538876423,0.0001010502432,0.0001410374209,0.000806584037,-0.0008952700471,-0.0000364169686,0.0007037635032,-0.0008180322288,0.0001982730013,0.0005775049412,-0.0007764259709,-0.00000683039772,-0.0009556603452,0.0007410099843,-0.0006130342772,0.00001161382135,-0.0008724622537,0.0002167890593,0.000008534790839,0.0001569583792,0.3040770482
-0.0005556690293,-0.00006724849574,-0.0004475952751,0.0009485494534,0.0008488272566,-0.0008284706928,0.0003023811575,0.000752219385,-0.0007244206162,-0.0005061211203,-0.0000855557036,0.0002378677462,-0.000473083793,-0.0005706489589,-0.0009098161835,0.0006624452045,0.0007558909829,0.0002574518226,-0.0003902909589,0.0002487660994,0.3449068189
-0.0005518344458,-0.0003634187517,-0.0008168476226,0.0003700487135,0.0006088274968,-0.0009434294591,-0.0006877027147,-0.00009240007995,0.0006134892884,-0.0008563446694,0.0006367308644,-0.0005206488051,0.000561838436,-0.000596656259,-0.0009556318761,0.00004151618047,5.030493982E-08,-0.0009793503339,0.0003245571296,-0.0007348683935,0.3260428113
-0.0004977050176,0.0004294998734,-0.0003725464806,0.0001161736903,-0.0005456029635,-0.0005346669934,0.0007754749076,-0.00006498468642,0.0006598347878,0.00001886115723,-0.0002684837707,0.0004997601397,-0.000238950616,0.00008484297412,-0.0005505957934,-0.0005280421082,-0.00002704833754,-0.0009524088386,-0.0007630722692,-0.00008204875949,0.2995019475
0.0003130771642,0.0002816403228,0.0001794240587,0.0002751023888,-0.0005462639072,0.0009873761291,-0.0008799564369,-0.0009913930674,-0.000006505843265,-0.0006398470461,-0.0005995257166,-0.0003408707212,0.0002361124535,-0.0006035919034,-0.0008118538384,-0.0005616831537,0.0003782351108,0.00003002432303,0.0006586421916,0.00006320219187,0.3453198883
0.0001536851694,0.0008933137545,-0.0005213385323,0.0006103380839,0.0006565206682,-0.0003024648897,-0.000639838049,0.0002349814731,0.0002500449098,0.0001198572261,0.0007811782107,0.0009436106286,-0.000923528395,-0.0001212229614,0.000673339014,-0.0005972416049,-0.0004126097356,-0.0001492216218,-0.0001299179416,-0.0007577744166,0.3030156863
0.0007391688608,0.00008971218717,0.0005971608519,0.00001052806733,0.0006255455676,-0.000546843295,-0.00002989697882,0.0005954235293,-0.000716220137,-0.0004776196285,-0.0006093821139,0.0005915403521,-0.0002026183953,-0.0009508655972,0.0007109799845,0.0003010726869,0.000625282735,0.0005085142471,0.0005452223015,-0.0008338362164,0.3421814153
0.0001149099343,0.0008783954507,0.0007162587747,-0.0001736556259,0.0001581671695,-0.0007997051651,-0.0006675552003,0.0005865848757,0.0006614629085,0.0005858919182,0.0005541911358,0.0003367480174,0.0005640342652,-0.0004614689154,0.0002291366367,0.000007561838579,0.0009730956863,-0.0006490919245,-0.0006032165527,-0.0004377520425,0.306371454
-0.0008025709253,-0.0004466878198,0.0007538442866,0.0007021409591,-0.0002487479324,-0.0001624894331,0.0006508998708,0.00012884958,-0.0007025455019,-0.0001415400775,-0.000003093474296,-0.000114133165,-0.000693147666,-0.0002026889326,0.0009119224912,-0.00007678909329,-0.0003691095469,-0.00007443362017,-0.0006833923044,-0.0005439651198,0.3113184492
0.0006772993117,-0.00008625338167,-0.0003726219987,0.0006856257542,0.0003367909661,-0.0003974524778,0.0009275926932,0.0008988895995,0.0009285925926,0.0008594268982,-0.0009895392987,-0.0004154238733,0.0004432814581,-0.0009769426129,0.0008454815984,0.0002291044773,-0.000008880165158,0.0006981369126,-0.0001477557304,0.0005069490323,0.2998116146
0.0004508090213,0.0006142240892,-0.00003587717855,0.0006375405174,-0.0004079089183,-0.0008002637092,-0.0005224224767,0.0005147946904,0.0008784689794,0.0006364073996,-0.0007791420409,0.0007626896878,0.0001482460484,0.00003111528619,0.000556386001,0.000922040688,-0.0003654804489,0.0006584444046,0.0006461529181,0.0008076144192,0.3372331434
0.0005145287576,0.00000699735274,-0.0001108090018,-0.0002522830626,0.0009338805095,0.000974569911,0.0004733693464,0.0001957407396,-0.000265533501,0.0003198269205,0.0003929916296,-0.00007531354619,-0.0008460958558,0.0005999533093,-0.0003605406663,-0.0001440059444,0.0003520695275,-0.000826314018,0.0006366986715,-0.000002627854172,0.3060497661
-0.0006734405644,0.0003221041934,-0.0006036204099,-0.0007467296683,0.0006103371709,-0.0008937266413,0.000714526386,-0.0009141745964,-0.0002032578107,0.0006547278291,0.0006592111845,-0.00008649311251,0.0007132042831,0.0005259430001,0.0002205266561,0.0004531394867,-0.0002815887461,0.0005918110613,-0.000517331645,-0.0003793488269,0.332159777
0.0006232894727,0.0002448145488,0.0008704302644,-0.0008006750546,-0.0008690959848,-0.00001624887983,0.0005003698092,-0.0004556869058,-0.0008601577717,0.0007427740608,-0.0006911520158,-0.0003523366005,-0.0006670053865,0.00039735183,-0.0004430436994,-0.0002566877815,0.000464701461,-0.0006630146582,0.0002520011114,-0.0001078869667,0.3167571942
-0.0009397128512,-0.0008599682725,0.0003275168061,-0.000969765632,0.0007151247769,0.0008505532038,0.0009609240754,-0.0009657759211,-0.0006795396924,0.0004944828706,-0.0008601279232,0.0007990123667,0.0008278257412,-0.0009026603023,0.0004680877223,-0.0008825109005,-0.0008496640208,0.0006612696546,0.0008649357907,-0.0009590866283,0.3132732213
-0.0009020149898,-0.000358473804,0.0005642117982,-0.0002071557805,0.0007570111188,-0.0007400234689,-0.0001573992012,-0.0004981306365,0.000172468991,-0.0008068680189,-0.0001274457236,0.0005531539794,-0.0009666873704,0.00096115738,-0.0003239020409,-0.0005038675253,0.0002904542345,0.0002431545703,-0.0008568549945,-0.0002248540519,0.3374472576
0.0008630493517,0.0001377922632,0.0006644228504,-0.0002641411377,-0.000494463531,-0.000007307655367,0.0007494319607,0.0009845296436,0.00002095311996,0.0005792178802,-0.0008301038185,-0.0003110336855,0.0009353416799,0.0001557553333,0.0008994923315,0.0002661450094,-0.00080935347,0.0007337102332,0.0002159290332,0.0003022922169,0.3112704227
0.0001326791532,-0.0007500315931,0.0007395353927,0.0003253389102,0.0007869842558,0.0001886398823,0.0008809928044,0.0003791724616,0.0007646926351,0.00005704212167,-0.0004710678908,-0.0006100495344,-0.0008644349798,-0.0002615941781,-0.0006098614102,0.0003285759031,0.0003559611382,-0.0003950392289,0.00005993942675,-0.0007334596427,0.2845955077
-0.00009486434679,-0.0002279082964,0.0003258994258,0.0008471663402,-0.0005141941059,-0.000777160281,-0.000783552025,0.0007639783103,-0.000773669811,0.0007157243931,-0.0007216047858,-0.0009227803618,-0.00003140047289,0.0004728971703,-0.0009059641393,-0.000177781747,-0.0006338049248,0.0008346299226,0.0007499993546,0.0003235483585,0.3296718019
-0.0008215214337,-0.0008257657857,0.0004423615747,0.0003647850733,0.0005164852569,-0.0004587098276,-0.0002124954433,-0.0004362302626,-0.00001755762778,0.0005612785154,-0.0003771478668,0.0001159249804,-0.0008133749293,0.0008035939965,0.0002638039916,-0.0005981675426,0.0004212968229,0.0007111554625,0.0007943626235,-0.00007276448983,0.3377372652
0.00002813651592,0.00004858379523,0.0001810371024,0.0007368184625,-0.0001005032377,0.0009449302319,-0.000320765837,-0.000799288113,-0.0001053024955,-0.0009697910857,0.0008739732959,-0.0007920938849,-0.0005452656321,-0.0003437177056,0.0009330760123,0.000858119249,0.0003771288377,0.0007186377699,0.0006728356303,-0.0008815461687,0.355257783
0.0002294279686,-0.0003572839397,0.0007129785879,-0.0001587243005,-0.0002809712986,-0.0008409327486,-0.00006386872833,-0.0008237762927,0.0002162374174,-0.00006481149064,0.0008752791956,0.0006919785228,-0.0008198006282,0.0008569130876,-0.00009396906529,-0.0007919973739,-0.0007429821049,0.0007116717187,-0.0004075401429,0.0002387280718,0.3380440138
-0.0002854002647,0.00002779598836,0.0006450361002,-0.0001594485056,0.0009966245548,0.0008738777233,0.0003395607546,-0.0009311374384,-0.0004149387995,-0.0006148012473,0.0005361153433,0.0003690452837,0.0007086279371,-0.0008236072905,0.000009446089605,-0.0003228593347,-0.0002383844918,-0.0006283921981,-0.0006818983574,-0.0007667635654,0.3075962892
0.000251140969,0.0004881032492,-0.0001869604863,0.0001157364152,-0.0002839008394,0.0007142572056,-0.0007536814115,-0.0006103036391,0.0008593545771,-0.00005898788552,0.0004722189321,-0.0002311089714,-0.0005896232248,-0.0005407123046,-0.00007752799267,-0.0002084935796,0.0003427744542,0.0003544660723,-0.0002069178395,-0.00009740830531,0.3266365695
-0.0004352176319,-0.0007117721477,-0.0004233262162,0.0007971416268,0.00009123323035,-0.0005433023352,0.000624180001,0.0008168635355,-0.000748663048,0.0002024326294,-0.0005170503823,0.000746974657,-0.0003190723994,0.00004444948947,-0.0005616270788,-0.0003909508381,-0.000362837827,0.000331639275,0.0002511202778,-0.0002382183419,0.3188184663
-0.0006422984746,0.000341624399,-0.0002672042884,0.0007122303742,0.0008981178774,0.0003218456279,0.0004926142633,-0.0003291413039,-0.0009376328055,-0.0005726753321,0.0003572748298,-0.0004775501731,-0.0006792558984,-0.0005938799798,0.00006229405616,0.0006852132845,-0.0009472479527,0.000148497584,-0.0003094065282,-0.00002337771699,0.3247363449
0.0009283215817,0.0006007196987,0.0009552502908,0.0007951239669,-0.000735758177,0.0001039803649,-0.0009918007085,-0.000335679861,0.0002159133172,0.0003462324357,-0.0008321518507,0.0001590320715,0.0001830222199,0.0008530713529,0.0004259417705,0.0002976188373,-0.0002105419115,0.0008304428268,0.0007891774585,-0.0006254668522,0.3293467084
-0.0003589274286,-0.0004221043404,-0.00008364137788,-0.0003261391979,0.00008240398824,-0.0008337024281,0.0002222538076,-0.0009037042566,0.0003661026905,0.0001314253011,-0.0004651837843,0.0006443652942,-0.0003064549876,0.0005405498568,-0.0002869078356,-0.0008701570291,0.0009068599264,0.0006399674279,-0.0009937467631,0.0001051467981,0.3414504718
-0.0006783859635,0.0003375914304,-0.0007672733975,0.0009310421869,0.000973707203,0.0008435419937,0.0004304316282,0.00007104511107,0.0007731191508,0.0003125909442,0.0006057263388,0.0004558854159,0.0003273797657,0.0005472154553,-0.0000298394978,-0.0004795350115,0.0006041935666,-0.0007630172028,0.0004897046626,0.00001402692936,0.3024310553
-0.0001126180378,-0.0001333295172,0.0003591131222,-0.0008842276865,0.0001614468074,0.0005556807192,-0.000736808942,-0.0006927504039,0.0002312970438,0.0006517847772,0.0002576840225,0.0004044053029,0.0007406055156,-0.0006097114723,-0.0008334962851,0.0001743855669,0.0006664109578,-0.0004413589528,-0.0006729326429,-0.0006863031851,0.3129378665
-0.00005655761211,-0.0004638497699,0.000219513398,0.000595041971,0.0007954461137,-0.0008612662003,0.0008023984367,0.0001975495213,-0.0007885035952,-0.0005202151083,0.000548611128,-0.0005770928445,0.0002635900804,-0.00005971551127,-0.0008333714133,0.0002036786683,-0.0005189781229,0.000210480191,-0.0009470256048,-0.0007269528352,0.3124341204
-0.00009340246204,0.0006079180076,0.0002106261682,-0.0001884712121,0.0005969405859,0.0004546747288,-0.0008145188315,0.0005226354841,0.0005910082627,-0.0009511377415,0.0007399069441,-0.000447027232,0.0001111168893,-0.0009087575695,0.0009364691334,0.0001144829746,-0.0003300419982,0.0003728705015,-0.0008196494579,0.0007580562155,0.3367451079
0.0002024634628,-0.00009500378354,0.000891421884,0.000527140638,0.0009153708468,0.0006586751314,0.0005213192297,-0.0007738721483,-0.0008260743246,0.0001888905156,0.0001269343631,0.0004487454155,0.0003219077591,-0.0007128417177,0.0001378763108,0.0009477416717,-0.0007933223228,0.0002637360969,0.0008123181609,-0.0008361873573,0.3159553809
-0.0006984786742,-0.0009518643286,-0.0008972572495,-0.000558761239,-0.0002582382878,0.0006665259727,0.000156939455,0.0007674401154,-0.0007830966531,-0.0009778545544,0.000397597827,-0.0005454987196,-0.0001519204804,-0.0004015997155,-0.0003716906372,0.0008081478375,0.0003397933099,-0.0001687777022,-0.0005149987885,0.0009241052315,0.3656265972
-0.0001328105,0.00002978323426,0.0002673577129,0.0001886576138,-0.0004600224793,0.0004089485601,0.0004585161486,0.00004191314531,0.0005347009229,0.000982848582,0.0009668301213,0.0006276253479,-0.0009536512344,-0.0004151999045,-0.0009896278951,-0.0007189580026,0.0003569956302,0.0001494984914,0.0008745642264,0.0009128223687,0.3206459097
0.0004194582192,-0.0007063570935,0.0003826525488,0.0009089643425,0.0003783129281,0.0001086014412,-0.0006840423618,-0.0002552008312,-0.0005745933083,0.0009002578191,0.0004764803304,0.0003453909153,-0.0001717275085,0.0001893609949,-0.0002861292954,0.0001321942879,-0.00015054544,-0.0005861276998,0.00003669914036,-0.000103153178,0.3091927499
0.0004340762553,0.0005866262529,0.0005466307746,0.0002555189211,-0.0006356551896,-0.000241161652,0.00005191430666,-0.0002016914713,0.0008803192802,0.0005390865256,-0.0008860424662,0.0008458017209,0.0007231386897,-0.0008647128401,0.0008930928501,-0.0008752441896,0.0005143671875,0.0007215989616,-0.0004849920564,0.0005176374647,0.3232565635
0.0009782299171,0.0001698572331,-0.00006320180659,-0.0003554246377,0.0007950807264,-0.000264466503,0.0007404006503,-0.0003897473457,-0.000323324335,0.0009119994711,0.0009202204401,-0.000575279564,0.0002577982609,-0.0003919129008,-0.0004741844359,-0.0001712998712,0.0006575422352,-0.0008100725908,0.0002625771824,0.0005826359796,0.3158034735
-0.0004685894329,0.0005072471044,-0.0008152331255,-0.0005257176388,-0.0008722641777,0.0008850157555,0.000006355695436,-0.0001635369147,0.0002690604785,0.00003480188187,0.0009514414007,0.0005768455284,0.0005551507899,0.0005081767117,-0.0005724425666,-0.0001207372767,-0.0009995891896,-0.0002719938959,0.0007916870202,0.0001634111665,0.3294965263
0.0007415843523,0.0005417354283,-0.0005596561582,0.0006089470812,-0.0003257189132,0.0005185609206,-0.00008945633214,-0.0005389839766,0.0009780376184,0.0009563312107,-0.00007740970485,0.00002864235532,0.0003658606425,-0.0008955917104,0.0009229087168,0.00008868034817,0.00047522438,0.000420464971,-0.000590436782,-0.0002352289048,0.3051085746
0.0004887092549,-0.0002476123284,-0.0001388419734,0.0009267024319,-0.0008174340881,-0.0006087639325,-0.0006382698313,-0.0002122658235,-0.000431786916,0.000777100106,0.0007830736532,-0.0008547160079,-0.0003983663037,0.0004910405985,-0.0009497869939,-0.0008556623404,-0.0003140680171,0.0003142175227,0.0009077758272,0.00005285044865,0.3271286338
-0.0003553160878,0.0002300243554,0.00077345411,0.0001855112108,0.0008764939277,0.00009490754885,0.0008208593017,-0.0007106163279,-0.0009773843388,0.0001643216547,-0.000001325796323,0.00004537454247,-0.00030752387,-0.000807088078,-0.0009354645736,-0.0006566519635,-0.0002851151237,-0.0002856864268,-0.0004251410096,0.0007777621734,0.314166837
-0.0001413623429,0.0007956966598,0.0003131244455,-0.0005122719158,0.00008201630729,-0.0006891125152,-0.0009478524763,-0.0002195493832,-0.0009323328635,0.0000433425772,-0.0001117376723,0.0004935590449,-0.000631540044,0.0007441160251,0.000120549633,-0.0002569433441,-0.0006744889959,0.0004498692563,-0.0004249286483,0.0001807480285,0.3421190832
-0.0004848625659,0.0007753587232,0.00003982197874,0.0001976344152,-0.0006798766604,0.0002717310917,-0.0005655647461,0.0009188901413,0.0007902127229,0.0007468688031,0.0000358503632,0.0005134336983,-0.0005280542411,-0.0004706493514,-0.000757934712,0.00002105149834,-0.0006035107906,0.000117229023,0.0001256084809,0.0001502784106,0.298021391
0.0007993760376,-0.0003929090497,0.0008712561209,0.0004808002654,0.0006327998494,-0.00002228578005,-0.00008976119479,0.0006946143678,-0.0004340548558,-0.0005855769411,0.000005944946234,-0.0009223067629,0.0002020142026,-0.00004867884494,-0.0007949641907,0.0004736176905,-0.0004880051456,-0.000697750313,-0.000963264661,-0.0001072621423,0.2998328458
0.0006968721862,-0.0001261210305,-0.0002441326379,-0.0003974885711,-0.0009447863544,-0.0008002626256,0.0001108800913,0.00004028937854,0.0002041347967,0.0007257027738,0.000001752320224,-0.0001569909641,0.0008297229615,0.000807467614,-0.0007463978782,-0.0008998898687,0.000884873214,-0.0008240418978,0.0006469259191,0.0004194553555,0.3303161587
-0.0002651049825,0.00007563679671,0.0007288497341,0.000666054796,-0.000214792987,0.000336905225,0.0005261756151,0.000130340514,-0.0008844531996,-0.0001788989843,0.0003017119204,0.00009222561455,-0.000878135341,-0.0008899472258,0.0002407418543,-0.0003772958605,-0.0008542726524,0.0001973846103,0.00006015273421,-0.0006803659204,0.306474033
0.00001393870049,-0.0002702557639,-0.0009856962063,0.0005355582844,-0.0006319179414,-0.0005374995342,-0.0008722243818,0.0002375713713,0.000640839537,0.0004833478139,-0.0001067377504,0.0002972457852,0.0006204008957,-0.0008505880419,-0.0003733176404,-0.0009768497679,-0.0004901549948,0.0005174346708,0.0002909714314,0.0007928228151,0.3326475907
0.0005338830642,0.0007619510319,-0.000008904503885,0.0003255219826,0.0008523406977,0.0002130748936,-0.0009566770927,0.0004570385815,0.0002171799655,-0.000319704955,0.0006866733631,-0.0008980115784,0.0006450450523,-0.0001212824607,0.0008505289652,0.0008054144166,-0.0001382133153,0.0006195174262,-0.0007371899369,0.0006510973855,0.3370005978
0.0002827330193,-0.0007968112008,0.00066823614,-0.0003369963015,0.0009312677632,0.0001697511985,0.000033708811,0.0007254088492,0.0003408216629,-0.00007794237248,-0.0007673607499,-0.0004050850199,0.00003408169006,-0.000569442315,-0.0000679076313,-0.0004059901604,0.000352684213,-0.0004123643983,0.0003877844189,-0.0005350704444,0.3001290044
-0.0006639080445,0.0008469468787,0.000765321953,-0.0004970013285,-0.0005822019583,0.0001037068928,0.0009508089332,-0.0005123256708,0.0005020519162,0.0009080428558,0.000204859491,0.0004857454487,-0.0008704329908,-0.0006555782182,0.0006600296856,-0.000388600725,-0.000442709514,-0.0004143045637,0.0004359239864,-0.0007748627306,0.2872201903
-0.0009790707382,-0.0005650118542,-0.0007109630929,-0.00005967183943,-0.000209735422,0.0009540825187,-0.0006679443584,0.000733044913,-0.00008984828253,0.0005666435858,0.0003958184407,-0.0001237802165,-0.0004895949991,0.0005400148042,-0.0001145237268,0.00008388410802,-0.0007082375854,-0.0003412860872,0.0003089524273,-0.0007004906575,0.3024685515
-0.0002273535372,-0.0001042806353,-0.0009795180991,0.0001777973485,0.0007481786816,0.000918907985,0.000403407959,0.0004161394265,-0.0003041227835,0.0007436005757,-0.0004550281228,-0.000308375653,0.0004383263825,0.0002960457557,0.0003981897858,0.0005746063321,0.0008061969489,0.0006387777788,-0.0002605503888,0.0004008375498,0.3287131437
0.0001601485441,-0.00003957309088,-0.000120914404,-0.0009505274525,-0.0003750818679,0.0001534544326,-0.0002808363896,0.0001242606928,0.0007476345835,-0.0009190425428,-0.0003892505307,-0.0001269874386,-0.0002137477444,-0.0004208150788,0.0002765230941,-0.0007835265755,-0.0004770230954,0.0005095325139,-0.0009775547188,0.000007165086719,0.3276000817
0.0007915914968,-0.0008884305502,0.000325506174,-0.0006673952002,-0.0005724878882,-0.0001496078221,-0.0005234351472,-0.0009476692474,-0.000904698833,-0.0008562220425,0.0005473158948,0.0002611684892,-0.0001689042764,-0.00008579249513,-0.0003515964966,-0.0006275735583,0.0004918224069,0.0003991495149,0.0006864385511,0.0005972986239,0.3922726094
0.000307429814,-0.0009833712667,0.000006379954185,-0.000003380021415,-0.000356770915,-0.0008149025917,0.00001527220421,0.0003369114899,0.0002259667229,0.0006131715641,0.0004473638085,0.0007694066791,-0.0005667339781,0.0008630806645,0.0001238771677,0.0007347734483,-0.0003835940278,0.0006518942117,0.000271375212,-0.0005224750779,0.3303953011
-0.0005142861411,0.0005692222178,0.0007177438416,-0.0005965607406,-0.0004144757931,0.0005140450136,0.0005849522865,0.0003095014517,0.0007543186472,-0.0002065229281,-0.000720688739,0.0003795372661,-0.000851473655,-0.0006435513718,0.0006775389344,-0.0008319617289,0.0006241693418,-0.0005074367992,0.0005102933207,-0.0002359284342,0.3088669949
-0.0004945240747,0.0006550035137,-0.0004015165052,-0.0007988920343,-0.0008223145633,-0.0008132902522,0.00002006367217,-0.0005236756638,-0.0005462696473,0.000912599863,-0.00002998888917,-0.0004782121529,0.000473180488,-0.0005764384162,0.0004283683562,0.0002219921499,0.0004065797384,-0.0005606683733,-0.0003409027745,-0.0002247027388,0.3273338405
-0.0003004320941,-0.0002797027585,-0.0000004656711894,-0.0001327554061,0.000235140846,0.0002816400874,-0.0003631332213,0.0007512064587,-0.0003474900849,-0.0009761360373,-0.0002453294394,-0.0005134618963,-0.0009003449696,0.0006604871196,-0.0009886731333,0.0007640534066,-0.0005171692356,0.0009358602235,-0.0004672431089,0.0007703053179,0.3532497925
0.0003040002319,-0.00009635050139,0.00001959170218,-0.0003964067916,0.0001562769554,-0.0005511258272,-0.0004895677214,-0.0003304809919,-0.0008172625346,-0.0009686861339,0.0009995758346,-0.0008424611904,0.0007481285525,0.0003125467973,-0.0002130099373,-0.0001335636148,0.0009650499469,0.0003948778733,0.0006919550865,0.00033982976,0.3904199141
0.0005353820353,0.0003445017595,-0.0001397177378,-0.0007043067808,0.0001096273913,0.0002008071581,-0.0007152986308,0.0001450139694,-0.0004067105941,0.000007217582939,-0.0009868300365,0.0009438345186,0.000879694205,-0.0002105325027,-0.0008953304765,-0.0001966723628,0.0004051426267,-0.00009215259869,-0.0008669543372,0.0006567586251,0.3373253171
0.00003466960977,0.0003886663535,0.0001174138782,-0.0004905006466,0.0008107098319,-0.00004721468953,-0.0006587917764,0.0006405923848,0.0005107709493,-0.0001738590533,0.0009582298571,-0.00035298338,0.0004609613248,0.0009718192514,0.00008438030962,0.0009129061974,0.0002871290383,-0.0002558529897,-0.0007497964679,0.0003479496663,0.3293090404
0.0003799895797,0.0008681667911,0.0001657491111,0.0007128384823,-0.000638326474,0.0005892233825,0.0005042093501,0.000662568615,0.0008358592546,0.0007168519731,0.0004644720308,0.0009256333227,-0.00009492957044,-0.0006297522819,0.00008615885918,0.0006521104657,-0.000537722226,-0.0005728698001,-0.0005987529155,0.000501328734,0.2874875066
0.0009595407871,0.0008795061402,0.0006178120879,-0.0008007786805,-0.0001182470511,0.0004713442979,0.0006507766218,0.000005417259976,0.0001496501325,0.0002938255107,-0.0009217712671,-0.0004687100987,0.0009795012323,-0.0007042827129,-0.0005383025104,-0.0008869805589,-0.0000897781583,0.0008962120692,-0.0001191228691,-0.0002300000229,0.3033179257
-0.0005527404712,0.0005346010998,0.0001966893111,-0.0007372617934,-0.00003184193161,0.0007083782827,0.0007788977712,-0.0006087122115,0.0007684567105,-0.0007686547188,-0.000272291619,-0.0002653469154,-0.0000140883344,-0.00005109837576,-0.0002799603451,0.0001965671546,0.00009748141287,0.0006098248975,0.0008549121574,-0.0008370826176,0.3323691811
0.0006176329456,-0.0004489008967,0.0001841245079,-0.00001507135463,-0.00002310489268,-0.0005254726575,0.0004630756121,-0.0005293629474,-0.0000545312896,0.0008703325308,-0.0009591157003,-0.0006204490742,0.000527245181,0.0003155085439,0.000344639606,-0.000503628476,0.0006896264974,0.0006616534326,0.000243776446,-0.0008706005586,0.3165626971
0.0004674753232,-0.0009182030459,0.000822449998,-0.0008022126958,0.0009597025781,-0.0008375207157,0.0002093779623,0.0007366899293,0.0003573325517,-0.0001880183209,0.0007047952411,0.0007562923392,0.0004458195227,0.0004546151758,-0.0002318082426,0.000111093093,-0.0009592115624,-0.0001338697578,-0.000886508503,0.00005498976221,0.3097588651
0.0007513798763,-0.0006728989277,0.0004375716245,0.0007900294252,0.0009133835772,-0.000681758003,-0.0007418005395,0.0006839542411,-0.00008514479634,-0.0005940169327,0.0001127821995,-0.0001892124779,-0.00008752959795,-0.0006210342297,-0.0007596715949,0.0005880743222,-0.0004842687321,0.00009364933433,-0.0005513501976,-0.0005559458623,0.3143678058
-0.0007243551834,-0.000139374582,0.0007720671755,-0.0006615022808,-0.0009135164263,-0.0002586232178,0.0007437457398,-0.0006684040179,0.0006792800091,0.0002011943536,-0.00005843768907,-0.0001786160024,0.0009098398427,-0.0006943760996,0.0004586444239,-0.000947421863,-0.0001038111534,0.0003110412321,-0.0008209690031,0.00005251771467,0.3178747308
-0.0008381230781,-0.0007231620601,-0.0005100165023,0.00004641685981,0.0009233967361,-0.0007658022862,0.0003671463916,-0.0002647362809,0.0006578015391,-0.0006856552011,-0.0005431318111,-0.0003442579555,0.0009236321194,-0.0009558954274,-0.0008631236318,-0.0001480229266,0.0003515920993,-0.000306075462,-0.0001439611803,0.0006143537218,0.3387032113
-0.0002269535514,0.00002755771244,-0.0005440706295,-0.0002316885026,0.0005833547184,0.00009536725632,0.0001402605435,-0.0004056888252,-0.0002112179255,-0.0007562427727,0.00004824744043,-0.0007937705267,-0.0002880504381,-0.000778645771,-0.0003879492443,0.000306197677,-0.0006764554587,0.0000838820987,0.0001651220636,-0.0009820244768,0.3209230372
0.000237023289,0.0005910325798,0.00003646318038,0.0002453946153,0.0007523242141,0.0001589340693,-0.0005306442662,0.0004529411908,0.0006914862053,-0.000340487264,0.0005560176567,0.000668986956,-0.0009178966065,0.000626003942,-0.0004002386728,0.0009785199583,0.0009921862348,-0.0002162502297,0.0001151376179,-0.0006829329136,0.3254077491
-0.0001860562373,0.0004423554727,0.0008977663267,0.0004146800294,-0.0005150106684,-0.0003309894636,0.0009892552067,-0.000988094337,0.0002594544129,-0.0003535483519,0.0005662193595,-0.0004257971439,-0.0001553364395,0.0004753861329,0.0005507397908,0.0002009198822,-0.00008951178519,-0.0004427618671,-0.0009509496807,-0.0006622127006,0.3093633589
-0.00009476293682,-0.0004036569145,0.000838987081,0.0007418565396,-0.0001498464232,-0.0002153968773,-0.0003526814496,0.0008206481467,0.0008688150588,0.0005337603457,0.0003380263644,0.0002890761741,0.0004984801858,-0.0009396165826,-0.0007764926115,0.0004971158293,0.0009185119742,-0.0002267716543,-0.0009308465035,0.0002944200322,0.3088776092
-0.0007087260359,0.000314126529,0.0008696560225,-0.0002558258808,-0.0003552356713,-0.0005513210889,0.0002110027425,-0.0003807062774,-0.0005983616395,-0.000179067378,0.0006996733877,0.00006520085844,0.00006302489985,-0.0003804283787,-0.0003061196906,-0.000825941692,-0.0001469368582,-0.0000958062429,-0.0004347938556,0.00001507734304,0.3300496918
-0.00006401457386,-0.0003876988496,0.0009937766321,-0.0004488532803,0.0006844169372,-0.00003343691004,0.0003896466492,0.00007346666689,0.0005648641202,0.000220272411,-0.0003299746317,0.0003836340292,0.0005520381675,-0.0002975665804,-0.0007506779869,-0.0008191730912,0.0001016749567,-0.0006462316107,-0.0007386880343,0.0004987627498,0.2976361169
-0.0006598185914,-0.0009787416545,-0.0005407440655,0.0007456197158,0.0002175360096,0.0005459396289,0.0004399530106,-0.0002306372912,-0.0008560747305,-0.0005819865885,0.0007736088067,-0.00059209531,-0.0001456379153,0.0001901609249,0.0006666941346,-0.000247627608,-0.0004445962916,0.000279344915,0.0009336237133,-0.0008520197964,0.3379878236
-0.000485287106,0.000983460208,-0.0002924601052,-0.0007113133592,0.0003369051963,0.0004674117869,-0.0009009682782,0.000976156117,-0.0004511440513,-0.0005069408965,0.0004395044242,0.0002921847561,0.0008023971366,-0.00001244421935,-0.0006043506305,-0.0009564929124,-0.0003254076019,0.0001760783702,0.0009886308196,-0.0003607051798,0.334314772
-0.0007080879125,0.0001085299644,0.0006273106545,-0.00007924324207,-0.0006973661916,0.0008359476474,0.0006944159894,-0.0004688284695,0.0002169068024,0.0006095759473,0.0004617760141,-0.0003671495523,-0.000421353404,0.0007703979586,-0.0001432126188,0.000508730749,-0.000644726393,-0.0002054102776,-0.0005394935355,-0.0002808804507,0.296509694
-0.0008571477267,-0.0002225958026,-0.0001240575194,-0.0003600664805,-0.0009256845192,-0.000928764171,-0.000008039746299,0.0005396993326,0.0007238513766,0.0007123476938,-0.0005474752954,-0.0008053317944,0.0003375214904,-0.0008603012579,-0.0004247566509,0.00004031326152,0.0009312651775,-0.0009247651231,0.0006497933895,-0.0009969814657,0.3045642765
-0.0005326992555,-0.0003710693558,0.0007907792112,0.0001172099722,0.0004548803546,0.0001367630885,-0.0009931623617,-0.00005699551968,-0.0007070368793,0.0002972095666,0.0004406036525,-0.0009972296041,0.0009254134072,-0.0004670529684,0.0008332415542,0.000280872374,-0.0009519935389,-0.0009604964515,-0.0008103994498,-0.0009331260246,0.2931881656
-0.0004473944108,-0.0008781914525,0.0005309110827,0.0003969302071,0.0006901385329,0.0007671650179,-0.00007071625847,0.0003948162469,-0.0008104108416,-0.00002508725038,-0.0003109937932,-0.0005003310757,0.0008942594279,0.0002402437254,0.0007535919969,0.0003797061101,0.0005300452987,-0.0003753207568,0.0002381271234,0.0007905358407,0.3400007438
-0.00003876196837,0.0003459235797,0.0002395669062,0.0004609930113,0.0002006070997,-0.0002138674767,-0.0009840118438,0.0007786087182,-0.0006191259234,-0.0008980136698,0.0007426397976,-0.0009493964674,0.0005562263305,-0.0002437733021,0.0009694321074,-0.0002528998746,-0.0003443469518,-0.000750716753,-0.000162303651,-0.0007639512386,0.3206944224
-0.0006629785423,0.000851681769,0.0003082943217,0.0002604213316,-0.0002787669801,-0.0009386188815,0.0009508658464,-0.0008811418575,0.000145900384,-0.0004789382931,-0.0006834129394,-0.000730010224,0.0008142001056,0.0006557099954,-0.0005293896396,-0.000266900531,-0.0007184584417,-0.0009260272177,0.0008306512705,-0.00008187927939,0.3184721154
-0.0008025345844,-0.000004165946474,-0.00002444380063,0.0006769698833,0.0006738983482,-0.0008178533841,-0.0001227514394,0.0008579535784,0.0007168276971,-0.0009429360331,0.00001812210299,-0.0009531123808,0.0006182817238,0.0005576300467,0.0005410876372,-0.0009987943499,-0.0001547295188,0.0006277086854,0.0008272319101,0.0003279922677,0.340467692
0.0008459159579,-0.0002059405668,0.0009570500421,-0.0003785971698,0.0005514778398,0.00002844992,0.000704543817,-0.0007325875115,0.0006205319366,0.000371556174,-0.0001478529785,0.0009724947448,0.0001972814738,-0.0002537413066,0.0008405217336,-0.0002553252864,0.00002431533885,0.00004697716487,0.0002528702451,-0.0003579135821,0.3109712066
0.00004262170326,-0.0007564031518,0.000542853746,-0.0009769399452,0.0009045066512,-0.0006403780655,-0.00001338238946,0.0009507813316,-0.0005924900879,-0.0005192239484,-0.0004465120384,-0.0005998189072,0.0007398621331,0.0009085832667,0.0005070493173,0.0002856148738,0.0004515979677,0.000489568264,-0.000854962708,0.0008952834844,0.3563325783
0.000602489087,-0.00002801417299,-0.000212472028,-0.0002437023696,0.0007647284462,-0.0004061477511,0.0002810150788,0.0009672122034,0.0001870796495,-0.00007909367359,-0.0007142235053,0.0009222131869,-0.00006616853745,-0.0001132503356,-0.0004017878016,-0.0005201395491,0.0002028979337,-0.0003835505166,0.000251081885,-0.0002539593001,0.3082763042
-0.0007979201197,0.0001805278694,0.0002707161551,-0.0004531237418,-0.0006260459294,0.0005002449343,0.0003415039582,-0.0007436466374,0.0008525625632,-0.000671514832,-0.000302208987,-0.0003059434631,0.0009048127889,-0.0001147628898,-0.0006987534879,-0.0009812220838,0.0004896941871,0.0007706427122,0.0002670221871,-0.0001194586783,0.342491838
-0.0004783635439,0.0002086599278,0.0004666094998,0.0006536483407,0.0009967650424,-0.000537441,0.0001966834961,-0.0004575650703,0.0009354810617,-0.0006275826238,-0.0003085936171,0.0007188712966,0.0009092610365,0.0009421063968,0.0004060156141,-0.0004620086043,-0.0004882054887,-0.00003938550826,0.00005517142686,0.000745413317,0.3298670835
0.0002654460972,0.0008406780436,0.0006800432369,-0.0009885744791,0.0002554883153,0.0009951890959,-0.0005616218791,-0.0007869736685,0.0004070693689,-0.0009078872373,0.000438349225,-0.0006872323925,0.0006851506598,-0.00006092327621,-0.0007729336559,-0.0006357030276,0.0009328523906,0.0005062232882,0.0009824618136,0.0000538000053,0.3602606611
0.0001674592238,0.0009371116957,-0.0009599303116,-0.0004510814793,-0.0002546594481,0.0004548777538,0.000743165756,0.0002030659909,0.0009824458133,0.0009990279467,0.0008737427546,-0.0006690271042,0.0009807886225,0.0001593981365,0.0003812081624,0.0008116113132,-0.0002041181572,-0.0006109270733,0.0004278631792,0.0008295083967,0.3098317782
-0.0008935401372,-0.0007188031529,0.0006466099054,-0.0005989145,-0.0006482532602,-0.0008499435376,0.0005202668741,-0.0009753935147,-0.0001830418988,0.0002543056417,-0.0001081526678,-0.0003900460593,-0.0004876213371,0.0004730901602,-0.0008611941495,-0.0006224471725,0.0003034746877,0.0003849083724,0.0008379383466,0.0005263118547,0.3558232506
-0.0004496221739,-0.0004566396493,-0.0006886989836,0.0007772119414,-0.0004030813601,-0.0006972161288,0.0002886487193,-0.0005688657852,0.0002484810184,0.0002276558826,0.0009846510869,-0.0003784925947,0.0001156557018,-0.0003150996005,0.000194118201,-0.000793863882,0.00024987738,0.0005043221982,0.00004112745854,-0.0003094455785,0.33423109
0.0005779225424,-0.0008933486985,-0.0005603424975,-0.0009442618898,0.0002424198662,-0.0007985728261,-0.0007369501116,0.0004275620392,-0.0008792152579,0.0007991174123,0.0009584376162,-0.0004660937908,0.00001303917036,-0.0001133831615,0.0009859974596,0.0005439685711,-0.0002743037602,-0.0004016721552,-0.0002192555143,0.0008142580759,0.3459582579
-0.0008601713465,-0.0001094197791,-0.0007270162951,-0.0008671209074,0.0006185747508,-0.0001021882544,0.0009074065909,0.00007554629757,0.0002874520539,0.0008177280105,-0.0005411440589,-0.0006318579488,-0.0003389323782,-0.0006917245749,0.0008318711506,0.0004286259754,-0.0004376307029,0.0003764279345,-0.00007855722277,0.000325681596,0.3133007257
-0.0008710754737,0.0001483835751,0.0002322704158,0.0007523641832,0.0002986959045,-0.0003284865025,-0.0003802758527,0.0005151693963,-0.0004809520865,-0.000163632255,-0.0004271254806,0.0006079140159,0.0001151255194,-0.0006513690501,-0.00006935801667,-0.0009690320822,-0.0005488943783,-0.0002362685353,-0.000155771796,0.000826234656,0.3232403227
0.0005414532625,-0.0009911243744,0.0009645708666,-0.00009033242791,-0.0001879758329,-0.0008346454862,0.0007314390674,-0.0004151899747,-0.000744776459,-0.0007349112035,0.0001462265841,-0.000679173392,0.0006315390093,-0.0001942995196,-0.0005432647524,0.0005057618553,-0.0003342726588,0.0002014359775,-0.0005340999883,0.0006305925128,0.3538019113
0.0000765131351,0.0003026005612,-0.0001974604447,-0.0005017986325,-0.0001438623809,0.0009986761592,-0.0004372952359,0.00004102815988,-0.00009288930588,-0.0007997097783,-0.0002831032426,0.00003398934238,0.0001228713214,0.0004666048455,-0.0005826366944,-0.00001464216996,0.0004308791028,0.0004916537595,-0.0007511613932,0.0009947313852,0.357653459
-0.000937947598,-0.0001351934272,0.0002023734937,-0.0000680466671,-0.0001244571566,0.0006259842694,-0.0005340836203,-0.0001194768837,-0.0006870027835,0.00004973903196,-0.00005173374994,0.00006069357,-0.000771511411,0.0005163116899,0.00008169863209,0.000296615777,0.0002581450464,-0.0005475250627,0.0002140833032,-0.000741324205,0.3249107567
0.0005647451396,0.0003746722821,0.0003166763162,-0.0008343613507,-0.0002598922164,0.0006048829157,-0.00008371758746,0.0007291640508,-0.0009591320656,0.0009501683814,0.0006842544118,0.000837230485,-0.0004815542794,0.0009545035255,-0.000514077264,-0.00005020992109,0.0005529999125,0.0002722924847,-0.0008725758201,0.0002283530603,0.3224744526
0.0009932156925,-0.0006711908201,-0.0007604472752,-0.0003441533348,0.0007978567043,-0.0008585839519,0.0009653208706,0.0007567023682,-0.0009992631606,0.000488115891,0.000638563643,0.0001107545584,0.0008467032171,0.00002457882071,-0.0004550974324,0.0008757946654,-0.0009589422134,0.0009186914574,-0.0005639899026,0.0005579651671,0.3346837987
-0.0006833280982,-0.0007446561653,0.0006938839542,0.000448418908,-0.00009654158483,-0.0003744902699,0.0003603848051,-0.0003577423156,-0.0005440206355,0.0001239521233,-0.00008938915722,-0.0001952376791,0.0003616586721,-0.0008369244763,0.0003151924928,0.0004795454884,0.0002081096123,0.000367101434,0.0007946992105,-0.0003052717458,0.3447069342
-0.0002276007237,0.0004273488704,0.0000430169668,0.0007738084355,-0.0007144342678,-0.00007501145874,0.0006014873763,-0.000194019481,0.00036130326,-0.0006552161652,-0.0004930050831,0.0006196623972,-0.0003327665081,-0.0001051715772,0.0001693460777,-0.0004974672722,0.0006381572989,-0.0008643899209,0.0009068555481,-0.0004026773543,0.3269671312
-0.000224675636,0.0001598355745,-0.0003103136805,0.0007080068402,0.0008075274917,0.0003516255076,-0.0006714441362,0.0002157612552,-0.0005549865614,0.000241505201,0.0006496169228,0.0004618144911,-0.0002433366461,-0.0007403308791,-0.0001728869965,0.0008333780969,0.00008270502097,-0.00003156293953,-0.0005411902219,-0.0007832750187,0.3149539557
0.0006241513637,0.0001464636736,-0.0007987284367,-0.0008015050991,0.0005034601559,-0.0004921293342,-0.0005293036621,0.0004197302119,0.0006743584401,-0.0009287902337,0.0005811068392,0.0002106769487,-0.0003635841452,-0.0002180589151,-0.0003585055812,-0.0005621991463,0.0007859848434,0.0008904728448,0.0009402261775,-0.0006983558006,0.3585718832
0.0001216053498,0.0001857082958,-0.000527468542,-0.0005407303457,-0.0009919069856,0.0002536551615,0.0004237871311,-0.00009098557071,-0.00005217853538,0.0002760985522,-0.0004567490577,0.0006345123339,0.0008064229574,-0.0009942654555,-0.0002101173118,0.000799609923,0.0006428219786,-0.0008069125196,0.0003718868413,-0.0003381560299,0.3305973946
0.0005286474024,0.000688822644,-0.0009647747063,-0.0003385266529,-0.0004392123344,0.0006295810498,-0.0001518699078,-0.0001079770226,-0.0001860868658,-0.0009885687539,-0.0001783707616,-0.0002773477114,0.0009545443967,-0.0006983254127,0.0009798763555,0.0009557197245,0.0002980523246,-0.0004478203935,-0.0009161375994,0.00004942573938,0.3457783315
0.00004089303743,0.0006018847799,-0.000202729374,-0.0006849679361,-0.0003315325575,0.0002964022721,-0.0003127082969,-0.0008269914194,-0.0008400330388,-0.0009210262126,0.0007503444681,0.0003868910228,0.0007686259759,-0.0002929639867,0.00083120297,0.0008799502538,-0.0004217952718,0.0008089326058,0.0006177599834,-0.0003407409902,0.3823812573
0.0008159173615,0.0003313870151,-0.0000452249311,-0.0007343561938,-0.0007480684169,-0.0001410813942,0.0002922469925,0.0002979173473,0.0007964755975,-0.0006587393115,0.0007331019782,-0.0005087590257,0.0009452757148,-0.0006647962816,0.0006638840485,-0.0009184049379,-0.0004515323992,0.00000935221247,0.0006429418837,-0.000310492552,0.3263618943
-0.0008651549671,-0.0008234885135,-0.00003338234326,-0.0009146745286,-0.000502773307,-0.0001977080608,0.0003079785054,-0.0006884857973,-0.0002034487188,-0.000710448605,0.0001414778541,0.0001430531074,-0.0003978607307,0.0005084668161,-0.0006783921438,-0.0007932407593,-0.0002477190328,0.0000423964447,0.0006710841313,-0.0005639442343,0.3479322411
0.0005466926084,0.0007046279265,-0.000642372996,-0.0002319471473,-0.0001031976985,0.000293204957,-0.000381076152,0.00006299754899,-0.0007128143541,-0.0002426367149,0.0004732575293,-0.00007781892728,-0.000496338817,-0.00002173905941,-0.0002209855453,-0.0002389580384,0.0005355983241,-0.000905602151,0.0005408722132,-0.0001629106762,0.3352852196
0.0005647875345,0.0000815337485,0.00009228830557,0.0005705557106,0.0003216121148,0.0004097599294,-0.0002663839504,-0.0004669223983,0.0005551151762,0.0001006072222,0.0009844460478,-0.0004706063121,-0.000599003849,0.000987950312,-0.0009029723888,-0.0004219734269,-0.0004852813828,0.0001058997061,0.0006737317153,-0.0007577004599,0.3034954713
-0.0008071794504,-0.0005163984085,-0.0004863648154,-0.0008455002399,-0.0006311112399,-0.0003446906977,-0.0004932149939,0.000786617259,0.00007981802309,0.0004564609671,0.0004670485899,0.00001672379961,-0.0002929454558,-0.0007002723202,0.0008417437437,0.0005056787528,0.0005852083831,-0.0001750810805,-0.0005429210249,0.00009359151932,0.3380972878
-0.0004486787272,-0.0003628648034,-0.0007415099371,-0.0007467052303,-0.0008786676299,0.000641209908,-0.0007950129665,-0.00003130501685,-0.0003989174905,-0.0005777002797,-0.0002921841429,-0.0002042766047,0.0002785657521,-0.0007085324849,-0.0003583041968,-0.00006165033305,0.0009225541719,-0.0001239616422,-0.000262488517,-0.0002748721441,0.3565419669
0.0002558340604,0.0009284866859,-0.0008392411961,-0.0001304348674,0.000598792129,0.0006485638377,-0.0001666960639,-0.0001355614054,-0.0002859164815,0.0002323044841,0.0008487370289,0.0009654872433,-0.0001353431966,-0.0003702936854,0.0001754260452,0.0000683705774,-0.0003620829643,0.000818537345,-0.0006723368682,-0.0006116598029,0.3202356577
-0.000544892284,-0.0006506256521,0.0005708600496,0.0006647659017,0.000415561572,-0.0008048140398,0.0007699305549,-0.0003085512895,-0.0002399935683,0.0005298082696,-0.0007853266847,0.0002528681108,-0.0003847946645,0.0006495997061,0.0009170382085,0.0002741483118,-0.0006122558464,-0.0009113956069,0.0006974118421,0.0001983568944,0.3104130143
-0.0005446410823,0.0002960343926,-0.0005899843844,0.00038047974,-0.0009390020414,0.0000413626292,0.0001037229199,0.0001652616209,-0.0004549715769,-0.000587888028,-0.0007171345566,-0.0008736332048,0.0006120599565,0.00009436029504,-0.0008296331581,-0.0001412625229,-0.00005628791753,-0.0009202570222,0.00009750943353,0.0004100886684,0.3324804414
0.0003040860659,-0.0002615227019,0.0009872216451,0.0006518255409,-0.0009197259509,0.0003260992394,0.0006728337215,0.0004786470678,-0.0002209354746,0.0005354952283,0.00007995912868,-0.0008483679788,-0.0004020124959,0.000225690114,0.0003798918595,0.0005487075779,-0.00006480187015,0.0008447331768,0.0007045910059,-0.0004319255877,0.3180448241
0.0003306334625,0.0006139464336,0.0008808548681,0.0005114911584,0.0001339980977,0.0007417712636,-0.0005674138224,0.0007788155392,0.0006243238027,0.0007092257205,0.0008039097357,0.0001343197924,-0.0003442243703,-0.00009031603188,-0.0007123848836,-0.0009490676285,0.0001955936487,-0.0002592556718,0.0003131888854,-0.0007883132767,0.2754034643
0.0004539141271,0.0008018276208,0.0002691160352,-0.0009915391125,-0.0001967784578,-0.0005326238476,0.0002120230509,-0.0005686259154,0.0003037714938,0.0003262280358,0.0009166418881,0.0001835922903,0.0003597148476,-0.0003764632868,-0.0004993988597,0.0007876978159,-0.0003870183576,-0.00008811124427,0.0008327522015,0.0001480912443,0.3379694164
-0.0002370886337,-0.0001627507552,0.000516611273,-0.0006820643255,0.0006099655527,0.0006285331742,0.0006821444692,-0.0008538513506,0.0005214845493,-0.0002098413537,0.000521513317,0.0001427596151,-0.0003371526348,-0.0001217734195,-0.0006086824025,-0.0008883721842,-0.0002560024365,-0.000683256257,-0.0002706813889,-0.000835907344,0.2901890176
0.0002513297011,0.00007858549244,-0.0006967006094,-0.0005318485818,-0.0009150189733,-0.0004641897283,-0.00045784776,-0.0008224341709,-0.0007002336374,-0.0001619670561,0.000665485638,-0.0007548116631,0.0008101401976,-0.0006970994041,-0.0001939706215,-0.0001107180758,-0.0004646984501,0.0007421984542,-0.0005308273302,-0.0009362160024,0.3452623853
-0.0008934885197,-0.0009393624956,0.0007318829683,-0.0004424556174,0.0005382418806,0.0008431487232,0.0002372614281,-0.0004640650628,0.0003153804107,-0.00008012391417,-0.000487191104,0.0007321388725,0.0005410152962,0.0002972990467,0.0001812989484,-0.0008221768038,-0.000603069375,0.0002535106007,-0.0007390265048,-0.0009729179017,0.2971188714
-0.0005132578275,0.0004028597642,-0.0003403549417,-0.0006586206267,-0.0005663844297,-0.0002767208043,0.0006272637504,0.0006261525199,0.0007486670153,0.0004075300335,0.0001241437942,-0.0001683843231,0.0006063211019,0.0007540525104,-0.0001140577348,-0.0003541908931,-0.00004782994396,-0.0004088367698,-0.0003290988522,-0.0005540869298,0.2976873235
-0.0003262993381,-0.0005125176959,0.0009932464315,0.0008895655794,0.0003695935099,0.0008562522659,-0.0005313496814,-0.0009173021358,-0.0008304527403,-0.0008247324443,-0.0002038455541,-0.0007009862656,-0.0008188727022,-0.0002653087722,-0.0001104267148,0.00003490746715,0.0004438895035,-0.00052551225,0.0005159518847,0.0007411412077,0.3517545188
0.0007496700586,-0.0002378770574,0.000843868434,-0.0002709981227,-0.0002037410221,0.0006399255372,0.0008671776206,0.0008029854757,-0.0001341336145,0.0009703167994,0.0004398980494,-0.0003802766324,-0.0006496543651,-0.00009948958364,-0.0006008786118,-0.0002687307944,0.0004509260116,0.0009662854386,0.0002820241936,0.000236271132,0.3103301409
-0.0005180446893,-0.0004947900931,-0.0002264956116,0.00009883850278,0.0006827454183,0.0009127973259,-0.0002283361754,0.000883691087,0.000649083975,0.0003989468142,-0.000830858714,0.0008905055283,0.0001043188443,0.0005086524282,0.0009248543037,0.0001430289867,0.0003045857251,0.00008721277276,-0.000711059137,-0.0006150684424,0.2966446558
0.0003876166305,-0.0002008102212,0.0008668723343,-0.0001167201618,0.0002873072133,0.000455686437,-0.0008326096954,0.0002294466006,0.0006498895023,-0.0007327153273,0.0004499794913,0.0009595891741,-0.0002563375841,-0.0006088969391,-0.0005654126399,0.0007453448303,0.0004417357341,-0.0002689643523,-0.0007066848489,0.0001579466125,0.3326746457
0.0008516010437,0.0006653762984,0.000001680890483,0.0001639413788,0.00001187305278,-0.00006609007408,0.0004803621133,-0.0001075236389,0.0006442821757,-0.0007184730132,-0.0003775774228,-0.00007201318012,-0.0003529191704,-0.0005630932179,-0.0007602667372,-0.0005922772436,-0.0006815612589,0.0006434611966,0.00008720707948,0.0005526757723,0.3230844877
-0.0005841058913,-0.0001484911997,-0.0003346882044,-0.0005371897562,-0.0008118488689,0.0006273408406,-0.0008879287443,-0.0001570742703,-0.0005241060558,0.0009229492626,-0.0009820939466,-0.000948485115,0.0005206873589,0.0003426211588,0.0004838112125,-0.00006804361491,-0.00022611669,-0.0009565965743,0.000243938543,-0.0002374093346,0.3113335904
0.0001640086129,-0.0009082151934,-0.0008964839553,-0.0007996747588,0.000979031904,0.0007762465127,-0.0005021082151,-0.0000364890271,-0.0002894041075,0.0001781397966,-0.0009350016861,-0.0008911911019,-0.000704951853,-0.0007588690175,0.000208588637,0.0008189641156,0.0002255805172,-0.0001094167325,0.0001016442785,0.0006590819971,0.3374375679
-0.0007736847184,-0.00050279556,-0.0003185172543,0.0003804119774,0.0005255621265,-0.0009661150524,0.0009619130997,0.0004439244871,-0.0005534640865,-0.00006163521377,0.0007413392757,-0.0006812453455,0.0006471464603,-0.0005898734622,0.0001962368966,0.0004772151294,0.0006329516911,0.0002254945772,-0.000961418132,-0.0006236824793,0.3265594292
-0.0007510590189,0.0009215619758,-0.0006917442861,0.0005942194858,0.0005780482642,0.0009324375734,0.0008583642687,-0.00009115729272,0.0003137624338,0.0007165218627,0.0006975847072,-0.0009515590311,0.0004102982746,-0.0001858892399,0.0006583403454,-0.0004352683425,0.0009622030384,0.0003090429641,-0.0005547192637,0.0008894954605,0.3153678239
0.0001488788262,0.0007774238118,-0.0009640053778,-0.00003415334322,-0.0009768526045,0.0007822431597,-0.0009129128948,0.0008391951545,-0.00092999923,0.0004125998068,0.00088840995,-0.0008175687091,-0.0009449509493,-0.0001841832271,-0.0007653374012,0.0008838817182,-0.0009744956614,0.0008453820708,-0.0007841008924,-0.0009963889357,0.311233712
-0.0003124854108,-0.000292149985,0.00004467499666,0.0008962747923,-0.00010396516,-0.0006902205936,0.0002653572803,-0.00005444055378,0.0008894626699,-0.0002612484113,0.0001872162126,0.0002784717381,-0.0002984778566,-0.0006971207548,0.00009229537154,-0.000949687292,0.00099660796,-0.0005864925372,0.0004704804568,0.0008617955781,0.3370995263
-0.000720970132,0.0003147812615,-0.0001790847513,0.0001802740248,-0.0003761588326,0.0004721260362,0.0003009671113,0.0007698915677,-0.0009911457598,0.0005905265444,-0.0008261709076,-0.0008157472469,0.0001836896762,-0.0004699540895,0.000344594172,-0.0008805009618,0.00009434739429,0.000244917176,0.00004991817423,-0.0009704698565,0.2978088478
0.0006687059415,0.0007726387054,-0.0001652502954,-0.000295663958,0.0003530364116,-0.0003538947867,-0.0008149991849,0.0008430388736,0.0009997696379,0.0008987602224,-0.0008433237289,-0.0009398074001,-0.0008267281752,0.0001469646672,-0.0005643773425,-0.0007221226187,0.0008683498212,0.0003315587102,0.0004258470567,0.0006076015692,0.3093424006
0.00005778789985,0.0009628540938,0.0005773982865,0.0009829222789,-0.0004931709136,0.0001022371213,-0.0004168021281,0.0005409753964,0.0002531043076,-0.0004301616514,0.0007886545636,-0.0005052060604,0.0004072138906,0.0008055011313,0.0002705081089,0.0004506704613,-0.0004933665573,-0.0003455589191,0.0004938640627,-0.0007520039642,0.3121341747
0.000434066943,-0.0007055979084,-0.00008523906599,-0.0002280406751,-0.0007079905209,0.0006053039704,0.0007816569752,-0.0008334730069,-0.00009422693515,0.00007977198901,0.0001980927544,0.0007613370859,0.0003079165858,-0.0001790572342,-0.0009021584619,0.0004883770492,-0.0004990701034,0.00018465504,-0.0004650171221,0.0004340701921,0.3350522965
-0.0005660536971,-0.0005727457366,-0.00002315616924,0.000854578427,0.0005686811009,-0.0006336342408,-0.0006194686784,-0.0002258911888,-0.0002884445304,0.0005429307523,-0.000009992767433,-0.0005784696425,0.0009692211108,0.0003921919467,-0.0009740598075,0.0000308999584,-0.0009519532048,0.0007018438911,0.0002811559828,0.0002981357933,0.3284805924
0.000782091463,0.0007292650402,0.0005884521317,0.0002299652805,-0.0006178214989,0.00006244882141,0.0002413902192,-0.0004405480367,-0.0008761607558,-0.0002686545091,0.0006920754688,-0.000759198367,-0.0008625177111,-0.00043624983,-0.0008095542012,-0.0003798965273,-0.000227614091,0.0004822709101,-0.0002416515872,0.0003658733165,0.3343532119
0.0001826780087,-0.0009313730407,0.0009984811592,-0.000238033285,0.000611948186,0.0007676139144,-0.0002802500737,-0.0001764591468,-0.0004174835046,-0.00009808227057,-0.00047149034,-0.0004834838508,0.000491164998,-0.0003746553115,-0.0004716889146,0.0003841890424,0.0009774715205,0.0007620180694,-0.0008164256715,0.000454474186,0.3446649223
-0.0005548475005,-0.0005736941436,0.00002066996278,0.0004559503704,-0.0008938767856,0.0001347486776,0.0007557747152,0.0007141522259,0.00008942662796,-0.000674017273,0.0005691488462,0.00001823427817,0.0002569388715,-0.0004637085344,0.0006259957795,0.0005627939113,0.0004681378789,-0.0004291991365,-0.0007039161196,0.0003037180605,0.3371068
-0.0001434195173,0.00003359007434,0.000006015553438,0.0007474937038,-0.0007848923865,-0.0007773132404,0.0005956621823,-0.0007055364765,-0.0002122926002,-0.0007700152773,0.0009525785867,-0.0003760893746,-0.0004689296633,0.0006675536824,0.000001979344512,-0.0006671575818,0.0003202773727,0.0009099858286,-0.0004128761228,0.0009339140957,0.3715963488
-0.0009176856733,-0.0001814930635,-0.0008150899478,0.0008552054779,-0.0000602487744,-0.000384261247,-0.0003138670024,-0.0007053626754,0.0004781449259,0.0005591388395,-0.0001130525306,0.00007953709638,-0.0003398008265,0.0006719430924,0.0002967700104,-0.0007207042527,-0.0004792104308,0.00005109827448,-0.0009332996339,-0.0003553074464,0.303542043
-0.0004931492087,0.0004555219444,0.00003172349413,-0.0003191843372,-0.0002681313337,0.0003445042339,-0.0007102046998,0.0006816210766,0.0009703388562,-0.0006021793241,0.000545979648,0.0002000137471,0.0001953484453,0.0003242352151,0.0006487017038,0.0001205820864,0.0008643505836,-0.000898106583,-0.0007102404361,0.0008051955754,0.3365810173
0.0005194797151,-0.0005545274446,0.00004759593673,-0.00099677952,0.0002245408142,-0.0002833892129,0.0003818486337,-0.0007309219943,0.000935630202,0.0006427100646,0.00008290053994,-0.0006529879488,0.0003421657931,-0.0009890196003,0.0002832137906,0.0004676435836,-0.000563968885,0.0007284096569,-0.0004790586176,0.000829632403,0.327420085
-0.0004774730673,0.0006702685197,-0.0008399825815,-0.0007713994484,-0.0003347463698,0.0009203137858,-0.00009717260912,-0.0008984597722,0.0006926913085,-0.0006635246571,0.0008814942802,0.00009124857589,0.0009995088579,-0.0005540384391,-0.0006818539926,0.0003595813819,0.0003073355844,-0.000008764126586,-0.000113190283,-0.0003437719616,0.344618547
0.0004740518299,0.000538296634,0.0002770502377,0.0002956353415,-0.0005482152662,0.0001771486318,0.0004914103531,-0.0005754814956,-0.00001486208761,0.0005720935294,0.00009532571847,0.0004259660282,0.0009916565302,0.00004309342927,-0.00004789279824,-0.00001034550976,-0.0007700916702,-0.0009805567378,-0.0009775849765,0.00003208935023,0.2908046747
0.0006577513066,0.0006504859209,-0.0009838785915,0.0005684168208,0.0004100890492,0.0008384905179,0.000803879708,0.0003910459819,0.00008034801321,0.0002232894705,-0.0002125896604,0.0003236972583,0.0003604675165,-0.0006660431625,0.0006780995407,0.00007449128234,-0.0004444427499,-0.0008242022658,-0.00009708278305,-0.0006315734831,0.2828847898
-0.0007183561234,-0.0002590994948,-0.000005724774932,0.000726402599,-0.0003515954226,-0.0004724728329,0.0009301636885,0.0002094158446,-0.0009150061733,0.0008240360061,0.0004431663083,0.0006915108284,0.0001318165041,-0.0008985276871,0.0003330177912,-0.0007767912947,-0.0003164251411,0.000173348934,0.0002682918717,0.00004348550315,0.3173502097
-0.0004043451163,0.0008579497457,0.0007167613802,-0.0009990822185,0.0003147774889,-0.0006601126242,-0.0003864725534,0.0005051714305,-0.0007852256366,-0.0003629523551,-0.0005149068067,0.0006791927345,-0.0007767073881,0.0006139924805,0.00007253805158,-0.0004973944037,-0.0009215493762,-0.0009453417293,0.00098558316,0.0001262063972,0.3267795708
0.00025865376,-0.0009239351681,0.0004562692404,0.0006788372021,0.000664560437,0.000752520395,-0.0006860502003,-0.0008405761631,-0.0005114151951,-0.00007994604339,-0.0003528282225,0.0001534603779,-0.0009893910981,-0.0005762263215,-0.0005876508959,-0.00001248995228,0.000436989984,-0.0007924734913,-0.0004295771512,0.0007110221927,0.3285100397
-0.0009930311392,-0.0001019985449,0.0005661105542,-0.00003861564812,0.0006583473155,-0.0005655655527,0.0004454087852,0.0006067571815,-0.00003603324468,-0.0006255589494,-0.00001163642393,-0.0001374794078,0.000243514288,-0.0005418809128,0.00004217756702,0.0000603617615,-0.0002740040838,0.0002404709943,0.000740325081,-0.0005750533958,0.3279565064
-0.0008790593951,0.0002319557922,-0.0009479953635,0.0006595372276,0.0005165025365,0.0008127184923,-0.0006555435401,0.0003717457433,-0.0006377919842,0.00006112754536,-0.0009618981389,-0.0005286068004,-0.0009078912851,0.0009170354929,0.0002688028753,-0.0005795053394,-0.00047424209,-0.000792021711,0.0005912034052,0.0003995026652,0.314204023
-0.0002725893073,0.0005916420445,0.0009748268673,-0.00003375573464,0.0000487704894,-0.0009433530199,-0.0004090217638,0.0001971441188,0.0005708525228,0.0008036405007,0.0009462467907,-0.0002994208026,0.0006922790516,-0.0004898485091,0.00003878192829,0.0007930806158,0.0007828718106,-0.0009062363285,0.00004443000816,-0.0003990244465,0.3104917923
-0.0006865266013,-0.000977552974,-0.0008096259225,0.0005066989017,0.0006052458807,-0.0003873704642,0.000194333558,0.0007222584861,-0.0005366772129,0.0005359670901,-0.0003766385032,-0.00002084171243,-0.0002037170739,-0.0007675326118,-0.0001169220124,0.0001371256714,0.0008298900928,0.0006563231379,0.0004914352354,-0.0005450227797,0.3321787706
0.0003294850858,-0.0001995874861,-0.0003136720228,-0.0001144526099,0.0002071430599,0.0009078773355,0.0009635245901,0.000927808611,0.0004530550824,-0.00008734754017,-0.0007676954831,-0.0005238634278,-0.0006500635085,-0.0007652879533,0.0005843454095,-0.00008841322034,-0.0004515667811,0.0008099832411,0.0004386106489,-0.00002932360817,0.3062578053
0.0007781694726,-0.000139045524,0.0003849229797,0.00008563842233,-0.0004962080263,-0.00000468790038,0.0005795579497,-0.0003527198231,-0.00008201388862,-0.0001013703951,-0.000834513443,-0.0001356452276,0.00002954973083,0.00006894410955,0.0001083872922,0.000997074791,-0.0008352903828,-0.0006470474841,0.0005338060026,-0.0007553836436,0.3090360934
0.0006288018054,0.0009530773211,0.00007312898335,-0.0001093096129,0.0006543563413,0.0002529897632,-0.0006323702731,0.00003480447977,-0.0002097229926,0.0006840079028,-0.0003307261834,0.0005350465213,-0.0007017635779,0.0007407596188,-0.0006399320593,0.000009579027919,0.0007678519867,-0.0005136066189,0.000668128267,0.0004233267461,0.3234427693
0.00007191613218,0.0001289311359,0.0007776046528,0.0005568239181,-0.0005237191801,-0.00021009676,-0.0009379042452,-0.0007879342996,-0.0009034199868,-0.00003885964754,0.0003658421459,0.0001012869545,0.0007312015617,-0.0008071138389,0.00001622660093,0.00009458773437,-0.0006945098019,0.0008867540002,-0.0009151127848,0.0000902624379,0.3450370914
0.0003160556107,0.0007785241506,-0.0002379936791,0.0009572734582,0.0003164169431,0.0007739737733,-0.0004410412944,0.0001333374692,0.0008567632392,-0.0005742968136,0.0001414648751,0.0009217344285,-0.00006155981062,-0.0004175479915,-0.0005843641338,0.0004370332679,0.0004612987223,0.0007784960564,0.0007132352453,0.00002964449323,0.3421748401
0.0001068806436,0.0006167931748,0.0003155977834,-0.0004059876659,0.0007642030206,0.0001652426631,-0.000260722008,0.0008507233783,-0.0008952842192,0.0003109174842,0.0008896368585,-0.0009644643248,-0.0007576570155,-0.00003778104928,-0.0002474598548,0.000363890466,0.0005509080399,0.0004243571805,-0.00002788798075,0.0003724804779,0.3333183836
0.0002517790369,0.0005068935879,0.0001006044899,-0.0008747741526,0.0005705517029,0.0001641505903,-0.0003976148172,-0.0009067459019,-0.000476189559,-0.00009800449207,-0.00006145639081,0.0001362178706,0.0006482731983,-0.000962927592,0.0009954662595,-0.0005638207727,-0.0006419515494,-0.000822240556,-0.0002091133538,0.0001492980462,0.3233037632
-0.0005038325064,-0.0003625848517,-0.0008732573155,-0.0004293968224,-0.0006209579105,0.0005721011676,-0.0006024597553,0.000002151629297,-0.00006252425323,0.0002431358784,0.0008424058429,0.0003848638875,0.0002173659818,0.0008995700461,-0.0003806370522,0.000828586721,-0.000479312373,0.0007506144669,0.0002027052663,0.0001789713748,0.3560434492
-0.0007504694922,0.0007123666808,-0.0007938709744,-0.000387133243,-0.0003078538053,0.0003893319276,0.000245716045,0.0004364936996,0.0009745376717,0.0002555567299,0.0006887399155,-0.0009118496925,0.0003769525334,-0.0004544648627,-0.0002803614865,0.00009777890284,0.0007138177458,0.00005876213547,0.00009886856668,-0.0008117128783,0.3099937313
0.0006982960521,0.00002070520113,0.0008948241858,0.0009345378354,-0.0004589173607,-0.0008483695811,0.0006412235724,-0.00009310398897,0.0002580523485,-0.0007562082892,0.0001102267776,0.0004977658339,-0.00007027668524,0.0008930122496,-0.0002976076252,-0.000252546449,-0.0007991253633,0.0001507469207,-0.0008732088929,-0.00006539746258,0.3166922823
-0.0003605888481,0.00007706147185,-0.000566514545,-0.0006450759363,0.0005775407588,0.0008740345731,0.0001321895405,-0.0001319656644,0.0007239943503,-0.0004845384805,-0.0001745048029,-0.0002535217551,0.00008026618166,0.0009184326674,0.0005444269403,0.0002174327504,0.0003666417304,0.0005242951499,0.0004526024942,0.0003636828926,0.3479143349
-0.0005835151758,0.0006781124251,0.00003618636963,0.0005050724558,-0.0007101182729,-0.0005307060357,0.0002385127374,-0.0008041242017,0.00009162940289,0.0007969447657,0.0004079552715,0.000009893480311,-0.0008911922043,-0.0009056108062,0.0006213977343,0.0007917970529,-0.0003903663682,0.00009816855277,-0.0003375912351,0.0002595924676,0.3231927699
-0.0009379128,-0.0008061938574,0.0002395684439,0.0009868462319,-0.00008599183674,-0.00002013767195,0.0006587534496,-0.0004835071492,0.000928773584,0.0005086989985,0.0001224758216,-0.0002730640194,0.0002947404143,0.0004612684082,-0.0004385149555,-0.0008156825082,-0.0008801706121,-0.0003743321606,-0.0009373182345,-0.00001537123995,0.2787359633
-0.00051971017,-0.0002025305127,0.0006544679011,-0.0008204431107,-0.0002897406943,-0.0001166204055,0.0000357862046,-0.0001916034785,0.00009894700718,-0.0006726239725,-0.0007517176174,0.0004681347838,0.0006020531606,0.000521930586,-0.0003455981803,-0.0002321157068,0.0007750104513,-0.0002682601006,0.000318875845,0.0008266212797,0.3622844999
0.0004316705611,-0.0001940020032,-0.0009977987369,0.0003538907669,-0.0000962988584,-0.0006592632221,0.0003080538801,-0.0007096087651,0.0005548740888,-0.0008307896634,-0.0006651393814,-0.0008507934277,-0.0001852537903,-0.0006715032166,0.0005150140565,-0.0009378078353,0.0003639860864,-0.0004634257544,0.0003555109612,-0.0006347715906,0.3270942633
0.0006273921069,0.0001794648374,-0.0009336691381,0.0009196799118,0.0006454662571,0.000153732468,0.0005448636956,-0.0004228371873,0.0001165589661,-0.0002216760347,-0.000684823302,-0.0009441766264,-0.000164180327,-0.000197257058,0.0002829803865,-0.0007268776107,-0.0005904777262,0.0002295627427,0.0001595360199,0.0008265595197,0.3199720794
0.0002613760748,-0.0008832379923,0.0008189493757,-0.0006086845565,-0.0008344571494,0.000986241773,-0.0004399419641,0.000759393342,-0.0009320838838,-0.0008835261009,0.0004128574174,-0.000101761694,0.0003951355316,0.0006706707884,-0.0003495580393,-0.0004685607467,0.000488864959,0.0001864371707,-0.000519579692,0.0009915504025,0.365038906
0.0007784573169,-0.00002409651164,0.0003215212839,-0.0001966190442,0.0001080934791,-0.0001849463488,-0.0007403772824,-0.0004854152862,-0.0002204643634,-0.000870929845,0.000548909181,0.0001962016213,0.000688585855,0.0007490248425,0.0002811717102,0.0009520281982,-0.0009902181209,-0.0008540831974,0.0008839064251,0.0006899234408,0.3575434663
-0.0009583658466,0.00005094903192,-0.0009673115453,0.0009146294023,0.000562901492,-0.0005493171574,-0.0009425409904,-0.0005038580468,-0.0007180933294,-0.00007685127663,0.0001458298352,0.0008449728207,0.0006579718812,-0.0009641620762,-0.0001304699683,0.0004448007211,-0.0007069287258,0.0002230486742,0.0007047829137,-0.0007610340871,0.3438452729
-0.0001157482123,-0.0006712964587,-0.0001540039685,-0.0001981771265,0.0003394086237,-0.0007422878321,-0.0007528712875,-0.0002180417263,-0.0008390723488,0.0007306551669,0.0004100760598,0.0002852059402,-0.0009185296831,0.0005226928604,-0.0004862473578,0.00006186694223,0.0008417278598,-0.0007276410343,-0.0009069294233,-0.0004171648651,0.3245010436
-0.0003226518874,0.0004626556701,-0.000248053806,0.0009722082182,-0.0005936727123,-0.00002134703473,0.0005704251266,0.0004251562766,0.0006032194413,0.0003326953709,-0.0004349380185,0.0006478210827,-0.0005642313925,0.0005711571042,-0.0007665963383,0.0003273569874,0.0007865340426,-0.0002492005779,0.0007891076418,0.0002303324933,0.3225789909
